{"cameraMode":{"drawMode":0,"name":"Shaded","section":"Shading Mode"},"sceneLighting":true,"audioPlay":false,"sceneViewState":{"m_AlwaysRefresh":false,"showFog":true,"showSkybox":true,"showFlares":true,"showImageEffects":true,"showParticleSystems":true,"showVisualEffectGraphs":true,"m_FxEnabled":true},"in2DMode":false,"pivot":{"x":-0.0504152774810791,"y":1.8925684690475464,"z":0.8397815227508545},"rotation":{"x":0.06524170935153961,"y":-0.13578103482723237,"z":-0.008960790000855923,"w":-0.9885492920875549},"size":2.7956578731536867,"orthographic":false}